country,founded,id,industry,linkedin_url,locality,name,region,size,website
france,,3o0yCmzClekF4ZAC27yl1QDB2bWv,information technology and services,linkedin.com/company/lopez-rojas-jose-heberth,pézenas,lopez rojas jose heberth,occitanie,1-10,
france,2020,XENXSGjFmUCJziRsLv9CCQYJuIKl,information technology and services,linkedin.com/company/teamwork-belux,la haye-du-puits,teamwork belux,normandie,1-10,
france,,Pw0j0CivoRfCoDUHRqnrXAHm8Jjf,information technology and services,linkedin.com/company/mercure-informatique,entzheim,mercure informatique,grand est,1-10,mercureinformatique.fr
france,2022,G0BpcHKZXIt3XWvdBOosUgCFYVkl,information technology and services,linkedin.com/company/veduslabs,paris,vedus,île-de-france,1-10,vedus.io
france,,GATC6KGwOGM3iLdhBNutrgayXbhk,information technology and services,linkedin.com/company/webchezmoi,limoges,webchezmoi,nouvelle-aquitaine,1-10,webchezmoi.net
france,,ycKQGiKyh3zvW6knqnCHNA0TkC35,information technology and services,linkedin.com/company/cev-sa,neuilly-sur-seine,cev-sa,île-de-france,51-200,cev-sa.com
france,2011,9i4gnpux70vuzBspI1OMBQv2RqGl,information technology and services,linkedin.com/company/greenitsolutions,niort,green it solutions,nouvelle-aquitaine,1-10,greenitsolutions.fr
france,,YUfKfEiE5JCHmuOwfIo1dAPKL8h3,information technology and services,linkedin.com/company/webilie,rennes,webilie,bretagne,1-10,webilie.com
france,,LV9CwcizJkQmuU8N8GO8IwU70RkI,information technology and services,linkedin.com/company/seven-dynamics,amiens,seven dynamics,hauts-de-france,1-10,
france,,hNh6BJUPLau0KFZC3jtSDQrFaxG5,information technology and services,linkedin.com/company/lecoindeslegendes.com,bobital,lecoindeslegendes.com,bretagne,1-10,
france,2007,ySBPLxrGQXwdCLasrz8CVgGG7ldm,information technology and services,linkedin.com/company/batteriedeportable-com,aubagne,batteriedeportable.com,provence-alpes-côte d'azur,1-10,batteriedeportable.com
france,2019,B8Vt9N9AUfbnVxPGFzV8ygo4316f,information technology and services,linkedin.com/company/nebula-web,rue de chorette,nebula web,hauts-de-france,1-10,nebulaweb.fr
france,2021,y7Nz1F77LosrAruplHBl8gClG2yV,information technology and services,linkedin.com/company/spektakl,toulouse,consultaas,occitanie,1-10,consultaas.com
france,,JOZsSZyPC1RCTWTa3AAZYgRVBqiW,information technology and services,linkedin.com/company/swanlefta,paris,swanlefta,île-de-france,1-10,
france,,YwPuHvEqQKGdO34cOfM5vg1RodFD,information technology and services,linkedin.com/company/hela-it,menucourt,hela-it,île-de-france,1-10,
france,2020,0shQ2am52Bgda97Vjm2oIgbFjmXU,information technology and services,linkedin.com/company/granny-community,toulouse,granny: connecter les générations,occitanie,1-10,granny-community.site
france,2022,nEPQZ5nIMSOWhOy5KcvRagCm4zFI,information technology and services,linkedin.com/company/ferroxyde,carhaix-plouguer,ferroxyde,bretagne,1-10,ferroxyde.com
france,,Qhw0v4Mi2AY5BfjfH6SPnA8dbSuI,information technology and services,linkedin.com/company/atos-integration,bezons,atos integration,île-de-france,1001-5000,
france,2016,Kj8dTNODfDGL7K09cApziwHh4gfk,information technology and services,linkedin.com/company/up2europe,marseille,up2europe.eu,provence-alpes-côte d'azur,1-10,up2europe.eu
france,2019,dyUV8HxyvjhfIymn0DQjBwpl89IB,information technology and services,linkedin.com/company/ila-habitat,toulouse,ila'habitat,occitanie,1-10,ilahabitat.fr
france,,q3CBpYqUKQhVzKBUeOeNjAlFiapl,information technology and services,linkedin.com/company/lot-conseil-services,saint-martin-labouval,lot conseil services,occitanie,1-10,lotconseilservices.fr
france,2011,CCE9sBUdE0h8HXlXeBjq2gEFxN5j,information technology and services,linkedin.com/company/canalcloud,rueil-malmaison,canalcloud,île-de-france,11-50,canalcloud.com
france,,AOhI5gICrEWPTzPfus1eUQgDY96p,information technology and services,linkedin.com/company/asser-consulting,puteaux,asser consulting,île-de-france,1-10,
france,2019,Wq3PCPI6Hp9NvAZCzDomWAO7sng8,information technology and services,linkedin.com/company/topplan-dev,grenoble,topplan.dev,auvergne-rhone-alpes,51-200,topplan.dev
france,,E9LX4YQNJxIRoOShfrt7NArEQZFD,information technology and services,linkedin.com/company/costlink-systems-europe,valbonne,costlink systems europe,provence-alpes-côte d'azur,1-10,
france,2013,bQ8QCtXEAEqSo2pQcbB4gggk1STc,information technology and services,linkedin.com/company/geofalco,montauban,geofalco,occitanie,1-10,geofalco.fr
france,2005,qyLZvYKh2jL1P15HjsDz9wVj5RDZ,information technology and services,linkedin.com/company/spoom-net,toulouse,spoom,occitanie,51-200,yoop.digital
france,,058SNn5UCxFTDNfCtRWAJQKhawIF,information technology and services,linkedin.com/company/otdev-consulting,rosny-sous-bois,otdev consulting,île-de-france,1-10,
france,,lzDRG4EZh8Gpj4T4q8CLNABjMdmW,information technology and services,linkedin.com/company/s.i.d.i.,nantes,s.i.d.i.,pays de la loire,1-10,sidi.ouest.free.fr
france,2020,rLw2dpFeHfuzCNSCM2e71g1Zfhp5,information technology and services,linkedin.com/company/unsearch,paris,unsearch,île-de-france,1-10,unsearch.io
france,,LoARoVlrbRtBuO689wHW7ATIhQOq,information technology and services,linkedin.com/company/game-of-blocks,paris,game of blocks,île-de-france,1-10,gameofblocks.io
france,2021,CiiJ2ZAFlZeAC5tyCoU5pQAb9D5S,information technology and services,linkedin.com/company/delta-smart-pharma-ds-pharma,fuveau,delta smart pharma (ds pharma),provence-alpes-côte d'azur,1-10,dspharma.fr
france,2020,URmAvVXIriOVO8OAvoIJKQ5ydlih,information technology and services,linkedin.com/company/knotbox-inc,la rochelle,knotbox,nouvelle-aquitaine,1-10,knotbox-app.com
france,2017,JBbCABWL5QsSp1tF6TrQCQRKOI4L,information technology and services,linkedin.com/company/iot-makers,paris,iot-republic,île-de-france,1-10,iot-makers.com
france,2006,evlQpt4OMbEDkQumHX5c1QqzE4rL,information technology and services,linkedin.com/company/aycom-fr,boulogne-sur-mer,aycom,hauts-de-france,1-10,
france,,y04W4tQDCpqMBqXdgsGJ5glUGRK6,information technology and services,linkedin.com/company/elusa-services,nantes,elusa services,pays de la loire,1-10,elusaservices.fr
france,2020,4PQQIgfnSbB6khxP5hWU3gUw4Ats,information technology and services,linkedin.com/company/lucas-gosgnach-eirl-lge-web,fleurie,lge web,auvergne-rhône-alpes,1-10,lge-web.fr
france,2016,mRiqMZBqSAicU0oBwh4iBg3CZBx3,information technology and services,linkedin.com/company/sos-jober,paris,sos jober,île-de-france,1-10,sosjober.com
france,1996,ozrWBLxg3FeVoasLKdk6GQXtRK2i,information technology and services,linkedin.com/company/sosim,avanne-aveney,sosim,bourgogne-franche-comté,1-10,sosim.fr
france,2016,hlsRvyEQfZIpiEPrwmPlTQm9ICde,information technology and services,linkedin.com/company/good-impact,montreuil,good impact,île-de-france,1-10,goodimpact.studio
france,,Q2GsvBuTw18mIubz46jHpQD1PIg4,information technology and services,linkedin.com/company/smartpost-app,bordeaux,smartpost 📨,nouvelle-aquitaine,1-10,smartpost.app
france,,GFTVtUBwDTB4C513Y4bxBgvNNyWq,information technology and services,linkedin.com/company/jurassik-technologies-&-services,caluire-et-cuire,jurassik technologies & services,auvergne-rhône-alpes,1-10,
france,2016,Mj8AqHYvzWx77iXJCcG3oAWdSrez,information technology and services,linkedin.com/company/dentinnov,palaiseau,dentinnov,île-de-france,1-10,dentinnov.com
france,2019,Pw9pF16UfRROWQqOD45hWQ1u9VK9,information technology and services,linkedin.com/company/hubik,bordeaux,hubikoop,nouvelle-aquitaine,1-10,hubikoop.fr
france,2017,CyEQqIWWchatfndhohFpFAKf96Ve,information technology and services,linkedin.com/company/kirrk,paris,kirrk,île-de-france,11-50,kirrk.com
france,,JdcSTCL0ZbZdeTcjtffoOQwEgO9t,information technology and services,linkedin.com/company/resolynk-a.c.s.,cergy-pontoise,resolynk a.c.s.,île-de-france,1-10,resolynk-acs.com
france,,AkUF9wDQkGK7CSc0a06stwJwrxiw,information technology and services,linkedin.com/company/white-flute-ideation,neuilly-saint-front,white flute ideation,hauts-de-france,1-10,
france,2022,wBp5dfOYDhg7HnbaGMPCyQ4BdeTh,information technology and services,linkedin.com/company/wecareitfr,paris,wecareit,île-de-france,1-10,wecareit.fr
france,,urspbAVPOI2NSYn7mIsGGgVdGwsF,information technology and services,linkedin.com/company/blue-tomoe,antony,blue-tomoe,île-de-france,1-10,
france,2020,0kKAkGBMBuf7eVdtoX9SdAsVmesj,information technology and services,linkedin.com/company/linkinfofr,vendin-le-vieil,linkinfo.fr,hauts-de-france,1-10,linkinfo.fr
france,2020,ICUaQNxyDcHrJUccEaBDZQ34p6hT,information technology and services,linkedin.com/company/wevalueconsulting,paris,wevalue,île-de-france,11-50,wevalue.consulting
france,,suFWCN2BMwG0vBKCm7i0dw5pzqZ9,information technology and services,linkedin.com/company/elevate-system,lyon,elevate system,auvergne-rhone-alpes,1-10,elevate-system.com
france,,XrESk7y1Pfa0CnXa78PSDQ3S8b4g,information technology and services,linkedin.com/company/numforge,paris,numforge,île-de-france,1-10,
france,,0ssoiUDnT2iKyVCYVLHUCQwpFeSj,information technology and services,linkedin.com/company/cartesianlab,paris,cartesian lab,île-de-france,1-10,cartesian-lab.com
france,2014,oGpMJ2tKwkgpK8lzuWAZIwbfxHKt,information technology and services,linkedin.com/company/compleo-technologies,nanterre,compleo technologies,île-de-france,11-50,libensconsulting.net
france,,CaXlrJYC46UHKmGl0AmEXQpJY9hx,information technology and services,linkedin.com/company/voinet-virginie,cagnes-sur-mer,voinet virginie,provence-alpes-côte d'azur,1-10,
france,2021,7P5I4qncI2VDiQWAfYjRBwlq5n1N,information technology and services,linkedin.com/company/klodios,caen,klodios,normandie,1-10,klodios.com
france,,tO3jJ7Z2ZdvwF6GU5JEBAQNp7vD3,information technology and services,linkedin.com/company/sobrity,strasbourg,sobrity,grand est,1-10,sobrity.fr
france,2021,C1auCc7SCNuIRqnv2ap44gq7TAsa,information technology and services,linkedin.com/company/tech-side-consulting,conflans-sainte-honorine,tech-side consulting,île-de-france,1-10,tech-side.fr
france,,Lovm1UG06gdSG8vyKagFswFdMW2e,information technology and services,linkedin.com/company/mybestreach,paris,mybestreach,île-de-france,11-50,
france,,vts7VReozzrx1afFMtDJLw2Vjac6,information technology and services,linkedin.com/company/cabinethorus,brive-la-gaillarde,cabinethorus,nouvelle-aquitaine,1-10,cabinet-horus.fr
france,2016,BUn8fh8bYV30a4KM23kUSQe7gKdA,information technology and services,linkedin.com/company/france-restore,montélimar,france restore,auvergne-rhône-alpes,1-10,info26200.com
france,,jcZyWCEngTMIpp9tPFyxPgaWjTpm,information technology and services,linkedin.com/company/sellerdream,paris,sellerdream,île-de-france,1-10,sellerdream.com
france,2014,1IPVCskOSblSo66rTHqQxgl39f0R,information technology and services,linkedin.com/company/catalsys,paris,catalsys,île-de-france,1-10,catalsys.fr
france,,NUCIPTKf46uizh8SYZrlhgRUfhXn,information technology and services,linkedin.com/company/neucoin,paris,neucoin,île-de-france,1-10,neucoin.org
france,,aNrXuXlJVJ558nC1Lg5MuQQgeHHT,information technology and services,linkedin.com/company/skill-partner,issy-les-moulineaux,skill partner,île-de-france,11-50,skill-partner.com
france,2022,qBXZiVSGxXNx1u1G17NvVQjgrlLG,information technology and services,linkedin.com/company/reali-store,toulouse,reali.store,occitanie,1-10,reali.store
france,2002,ypSiOB0RkThkmt1g3LfbLAMPjPzb,information technology and services,linkedin.com/company/datametric,saint-germain-en-laye,datametric,île-de-france,1-10,datametric.com
france,,28RBChkaVKnLWDTcg8wWXAoOv16M,information technology and services,linkedin.com/company/selecteev,paris,selecteev,île-de-france,1-10,selecteev.io
france,,IUvFnbVjCbwILxGz1TE47Q7nq4YG,information technology and services,linkedin.com/company/ibsolution-france,paris,notion edge,île-de-france,11-50,notionedge.fr
france,2001,Pb5aCSClbMrDbL50JCCJawtyHE3J,information technology and services,linkedin.com/company/vertigéo-ensg-0bb45126,champs-sur-marne,vertigéo,île-de-france,1-10,vertigeo.fr
france,,oQIt3fqVv6hBC2zQ09GPdgrFOu8X,information technology and services,linkedin.com/company/altern-et-vous,castres,altern&vous◽ accompagnements professionnels carrière & orientation◽ organisme de formation,occitanie,1-10,alternetvous.fr
france,2012,SlJmmIKk7JThsJAKrlf0rAHCm6ep,information technology and services,linkedin.com/company/ipaascrosscut,paris,crosscut,île-de-france,11-50,crosscut.eu
france,2022,Byt5AuRrzWOXZK5CRAavoAM47m0H,information technology and services,linkedin.com/company/mutta-france,courbevoie,mutta!,île-de-france,11-50,mutta.fr
france,2013,FoVz53OB0fQdBUHDa0bcDwetbAte,information technology and services,linkedin.com/company/arboretum-sas,le mesnil-le-roi,arboretum sas,île-de-france,1-10,arboretum-conseil.com
france,,zRPQMgvt77XJBnsCj5NiggUkefDh,information technology and services,linkedin.com/company/netixware,saint-pierre-des-corps,netixware,centre-val de loire,1-10,
france,,LotXoFgpvc893NqhsDd59QjA8rD4,information technology and services,linkedin.com/company/eco2energies,baralle,eco2energies,hauts-de-france,11-50,
france,2021,JTNB5d0gIQ8Er9G6azb27gl3HbCI,information technology and services,linkedin.com/company/dpo-consulting-inc,paris,dpo consulting international,île-de-france,51-200,
france,,FJSPaLzb4t8HgMWdimUKswwoHoav,information technology and services,linkedin.com/company/fourati-consulting,courbevoie,fourati consulting,île-de-france,1-10,
france,2020,6stQzRSabBaeHIrrmBm4gwde34mr,information technology and services,linkedin.com/company/thibaultboursierconsulting,neauphle-le-vieux,thibault boursier consulting,île-de-france,1-10,thibaultboursier.com
france,2003,xQAFO8lBRMLaCkI2lcAXPA4uPgQ0,information technology and services,linkedin.com/company/itelios,paris,itelios,île-de-france,201-500,itelios.com
france,2021,gHcehqcOOltUBCX3lEoTbwDeCsQv,information technology and services,linkedin.com/company/new-energie-carbone,saint-jean-de-soudain,new energie carbone,auvergne-rhône-alpes,1-10,
france,,AlNTSJKxCXzW38Cj2gn3WgQeS35T,information technology and services,linkedin.com/company/alyssonm,villeneuve-sur-lot,alysson,nouvelle-aquitaine,1-10,
france,2000,WBxJjaiyhMb2gHG1B8U6fAcZrWIb,information technology and services,linkedin.com/company/htms-net,lorette,"htms, inc.",hauts-de-france,11-50,htms.net
france,2007,sDHG0PvMGEwDEve8dippCQAgC14c,information technology and services,linkedin.com/company/r2-concept-inc,,r2 concept inc,,11-50,r2concept.com
france,,OFCDM9uRyL3Ij3OYZZogPgKByWpt,information technology and services,linkedin.com/company/station9,paris,station9,île-de-france,1-10,station9.fr
france,2019,QhsBNmZEHfkyH4d0IPvwKAeNZg99,information technology and services,linkedin.com/company/elec-econnect,tain-l’hermitage,elec econnect,auvergne-rhône-alpes,1-10,elec-econnect.fr
france,,DeeeX1fIBpTOD7rviL5xjAhpM340,information technology and services,linkedin.com/company/po-tech-ingenierie,bordeaux,po tech ingenierie,nouvelle-aquitaine,1-10,
france,2023,IjFopDM56oxB02UW2UlnXA7lgI8u,information technology and services,linkedin.com/company/mscollab,pélussin,mscollab 🚀☁,auvergne-rhône-alpes,1-10,mscollab.fr
france,2018,b7PckzfghgPmessk1qHugAwXQWag,information technology and services,linkedin.com/company/platformsco,paris,platforms®️,île-de-france,11-50,platforms.co.com
france,,1Y4WVPbgp3QycThn2JMYuwkJFOYk,information technology and services,linkedin.com/company/innovatype,vaulx-en-velin,innovatype,auvergne-rhône-alpes,1-10,
france,,aslj3matIwtrcAtqzhGLBg4c9BLX,information technology and services,linkedin.com/company/gwern,ploemeur,gwern,bretagne,1-10,
france,,XZlOCRCqcHS4Gwq9VLJIhQb4TusC,information technology and services,linkedin.com/company/web-local-communication,paris,web local communication,île-de-france,1-10,
france,,9mxyDJTX67edxbzuQHCrjALfIiHf,information technology and services,linkedin.com/company/jdbe,,jdbe,,1-10,jdbe.fr
france,2019,kIKLoQvlGuUgnk9iutifvQBQSesq,information technology and services,linkedin.com/company/altertek,lille,altertek,hauts-de-france,1-10,altertek.org
france,,P4yhRUPnIrka9mFhhokioQYE8wp2,information technology and services,linkedin.com/company/freelancer-engineer,paris,freelancer (self-employed),île-de-france,10001+,
france,,AX4BCHoC1CPcnXi2OYkBFw9rew8a,information technology and services,linkedin.com/company/e.i.c.,,e.i.c.,,11-50,raidpassion.com
france,,yBSqLJIJUsnlKUfaBZNBhAPLxtMU,information technology and services,linkedin.com/company/adinformatique,montesquieu-volvestre,adinformatique,occitanie,1-10,adinformatique.fr
france,2010,RGew9CRPQWf4OSWBtVW1zwiC4dJs,information technology and services,linkedin.com/company/grafeez,paris,grafeez,île-de-france,11-50,grafeez.com
france,,kmUCTXO2DQ1E3DQbIQh5BA9FDTzd,information technology and services,linkedin.com/company/homefinder24,paris,homefinder24,île-de-france,1-10,
france,2015,2aE7MsH93WMODS0YTHG5AwLLNPWo,information technology and services,linkedin.com/company/l'observatoire-de-l'ubérisation,orcemont,l'observatoire de l'ubérisation,île-de-france,11-50,uberisation.org
france,2016,6Y2iPjF0UqDIrySJBtSWDg8UZasr,information technology and services,linkedin.com/company/justyourweb,tourcoing,just your web,hauts-de-france,1-10,justyourweb.fr
france,2017,Z6ouLRfgY4UzECzVR5INzwavMwcQ,information technology and services,linkedin.com/company/coleg-france,paris,coleg,île-de-france,1-10,coleg.fr
france,2016,NFGbirGcYadPAX9u7khC5QBi5OZS,information technology and services,linkedin.com/company/mk-networks,reims,mknetworks,grand est,11-50,mk-networks.fr
france,,eb1CU2vgxgSjCCKeyU1fggHS6vDM,information technology and services,linkedin.com/company/inotice,paris,inotice,île-de-france,1-10,inotice-entreprise.mystrikingly.com
france,1996,036wBucSVDTSQ37Ft9aZtwq5zfO8,information technology and services,linkedin.com/company/la-peniche,grenoble,la turbine.coop,auvergne-rhone-alpes,1-10,turbine.coop
france,,Yz4qBqMxVSYuCuve3nsnvwjVGi98,information technology and services,linkedin.com/company/avolys,,avolys,,11-50,
france,,kZSwV1NMwvR2chivkhq7kwwOeD9c,information technology and services,linkedin.com/company/wme-consulting,cavaillon,wme consulting,provence-alpes-côte d'azur,1-10,
france,,ONbS20WhSPQcSN22GIWfigs9lUuC,information technology and services,linkedin.com/company/altanna,villeurbanne,altanna,auvergne-rhône-alpes,51-200,altanna.com
france,2017,PnQsasPGvdlBuBssN1a43QCJoimU,information technology and services,linkedin.com/company/certification-digital-et-capital,paris,d&c digital et capital - le certificat digital et technologique des entreprises,île-de-france,11-50,digitaletcapital.com
france,,TMC4lvqe2BsigwLynT6YcwiL393f,information technology and services,linkedin.com/company/cafip,biguglia,cafip,corse,1-10,
france,,CEyizb1d5vFAM2A0E00EiggvCqAQ,information technology and services,linkedin.com/company/alliance-en-france,paris,alliance en france,île-de-france,1-10,
france,2024,lIEydp7bDehVmNy2KfLrKwbnhg38,information technology and services,linkedin.com/company/apel-conseil,vedène,apel conseil,provence-alpes-côte d'azur,1-10,apel-conseil.fr
france,,dboUxlrfst2z58ZTRFaeFwJwYx9S,information technology and services,linkedin.com/company/sarl-fitem-access,olivet,sarl fitem access,centre-val de loire,1-10,
france,,yNSVRqtKgjNldeTA7CZghAT2SFml,information technology and services,linkedin.com/company/le-réseau-santé-social-sas,rueil-malmaison,le réseau santé social sas,île-de-france,1-10,lereseausantesocial.fr
france,2018,Ql0aUFr9Gj2iHmS4m0r23QerMXqj,information technology and services,linkedin.com/company/le-hub-colombus,paris,le hub colombus,île-de-france,1-10,lehub-colombus.com
france,2022,Q1VzrlhoxdNpxyuahImKzQNhkb2G,information technology and services,linkedin.com/company/finergy-rs,paris la défense,finergy reporting solutions,île-de-france,51-200,finergy-rs.fr
france,2021,SZ7V3UAs3Qq5RtmDNLRfRwsNSUxu,information technology and services,linkedin.com/company/inpulsetv,paris la défense,inpulse.tv,île-de-france,51-200,inpulse.tv
france,2019,YFCqwlhLwss2IAwaGPIT1gIFuJsj,information technology and services,linkedin.com/company/noticio,paris,noticio,île-de-france,1-10,noticio.co
france,2022,hXgj22nLBN8vaevgP7Q0jQWjOAEV,information technology and services,linkedin.com/company/winology-app,paris,winology,île-de-france,1-10,winology.app
france,2013,eaZcnYgLCoKpyoK4hQInSAImbpC9,information technology and services,linkedin.com/company/vaadata,chazelles-sur-lyon,vaadata,auvergne-rhône-alpes,11-50,vaadata.com
france,2017,6134ZknYDxBdffSghZJ9ZwB1Mzwt,information technology and services,linkedin.com/company/fablabletabli,soustons,fab lab l'établi,nouvelle-aquitaine,1-10,letabli.net
france,2016,C5nQexodDRdlb0ujj06o9gJD4E1O,information technology and services,linkedin.com/company/seizeconsulting,paris,seize consulting,île-de-france,51-200,seizeconsulting.com
france,,dAA1vf8y2CivClMpFUqcgAE1Fd8K,information technology and services,linkedin.com/company/aptiskills-it,levallois-perret,aptiskills it,île-de-france,11-50,
france,,H5MFYxQdRHMchi3UBCoq3AoL1RQb,information technology and services,linkedin.com/company/herry-vincent,la fresnais,herry vincent,bretagne,1-10,
france,2014,EdCNV3PFym0BmKgvW1ka6gezopbS,information technology and services,linkedin.com/company/association-tilde-agency,paris,association tilde agency,île-de-france,1-10,tilde-agency.org
france,,54nhEpqvVldJXqV7mW5O8gkTGbCR,information technology and services,linkedin.com/company/mysolutionconnect,rouen,mysolutionconnect,normandie,1-10,mysolutionconnect.com
france,2023,kSciPq7PAfKKTQW9wBCCQg4TsNgJ,information technology and services,linkedin.com/company/work-in-brest-cowrking,brest,work in brest coworking,bretagne,1-10,workinbrest.bzh
france,,Y29z2Jsjh9OGoa9CCT7nTAPDW58M,information technology and services,linkedin.com/company/doctodigit,bordeaux,doctodigit,nouvelle-aquitaine,1-10,anais.ai
france,,BAq3V2EtrGhQ6kXCImTeiwLg030h,information technology and services,linkedin.com/company/nimax-data,épinay-sur-seine,nimax data,île-de-france,1-10,
france,2017,HRMnEF7XSY8kTgTKBGeNEwRwlyoR,information technology and services,linkedin.com/company/hixos,noisy-le-grand,hixos,île-de-france,1-10,hixos.fr
france,,Vx1z4VxTQRdkZo6ev3RC9AvPGFS5,information technology and services,linkedin.com/company/lineotec,alençon,lineotec,normandie,1-10,lineotec.fr
france,2018,uwtJLvWkXtYN1xDmIwXBEwoFULTL,information technology and services,linkedin.com/company/transformatic,limas,transformatic,auvergne-rhône-alpes,1-10,
france,2009,QNAWrFFNZxmSSOnlpHffsALOooYq,information technology and services,linkedin.com/company/helidrone-imagerie-aérienne,paris,helidrone imagerie aérienne,île-de-france,1-10,helidrone.fr
france,,dOsGyNamioTElaFSCjPY2QU5IODG,information technology and services,linkedin.com/company/geomotique,saint-tugdual,geomotique,bretagne,1-10,geomotique.fr
france,2015,zyHiA4AnpM9EXoeZVNbengK0HRRR,information technology and services,linkedin.com/company/sidexia,boulogne-billancourt,sidexia,île-de-france,51-200,sidexia.com
france,,CnbO0WmGoew4gGsDjmtROAAnF4ta,information technology and services,linkedin.com/company/ben-nardini,roquebrune-cap-martin,ben nardini,provence-alpes-côte d'azur,1-10,bennardini.com
france,,j4n34kTSjucU1563y84oAwlr1VIS,information technology and services,linkedin.com/company/infante-jean-francois,fontanès,infante jean-francois,occitanie,1-10,
france,2008,4nBnFa1neqnqk6CUrqDjJQwfilr0,information technology and services,linkedin.com/company/visuamobile,paris,visuamobile,île-de-france,11-50,visuamobile.com
france,,YmHxU97pxCwekQ8SFjMz3wbSpdY9,information technology and services,linkedin.com/company/audio-hub,paris,audio hub,île-de-france,1-10,
france,,GgjwZPYddKFnPHUE70swKgc65GWF,information technology and services,linkedin.com/company/absiconsulting,paris,absi consulting - conseil en organisation si et finance,île-de-france,1-10,
france,,EkCkCUD7e7TBCVYj3IUFjQQBkYey,information technology and services,linkedin.com/company/riggs-alexandre,la chapelle-sur-erdre,riggs alexandre,pays de la loire,1-10,
france,,8sx7JabpWxZiVeE8lptHsA4ffNPB,information technology and services,linkedin.com/company/ydaho-industrie,roubaix,ydaho industrie,hauts-de-france,1-10,ydaho-industrie.com
france,2018,Thj93wi8OJLSlCA40t444QCU8DFd,information technology and services,linkedin.com/company/vrcingetorx,rillieux-la-pape,vrcingetorx,auvergne-rhône-alpes,1-10,vrcingetorx.com
france,1989,MdG7QB5CeQaTQmiCV0zsUgnaB6Fz,information technology and services,linkedin.com/company/as-international-group,paris,as international group,île-de-france,501-1000,asinter-group.com
france,2002,W9LSBvaSBF3J3sQMoUZFCgsC5bzY,information technology and services,linkedin.com/company/smartjog,ivry-sur-seine,smartjog,île-de-france,51-200,smartjog.com
france,2009,KXS7DHJCN96z1nMvpz9cpAZRAR7R,information technology and services,linkedin.com/company/cap-logiciels,courbevoie,cap-logiciels,île-de-france,1-10,aerogest.fr
france,2016,RvnXKUbgDgmeSwfHek7HeAOJADFr,information technology and services,linkedin.com/company/constellation-group,saint-cloud,constellation,île-de-france,201-500,constellation.fr
france,,C3SjCBXytH1GLQGoeqR2yAIlBsTl,information technology and services,linkedin.com/company/staf-services-tech-administratifs-franc,garges-lès-gonesse,staf (services tech administratifs franc,île-de-france,1-10,
france,,BnDW6PJOBggSGCa3ZfsPdQSE8m0w,information technology and services,linkedin.com/company/cdel-systemes,bobigny,cdel systemes,île-de-france,1-10,
france,,EW6uFBoYqOziY4xG4sVPCwTCwysI,information technology and services,linkedin.com/company/yvz-digital-lab,issy-les-moulineaux,yvz digital lab,île-de-france,1-10,
france,2020,CbxfwlfwsATFzUyYlpC1LgvIJLiK,information technology and services,linkedin.com/company/tolmay,paris,tolmay,île-de-france,1-10,
france,,ZdFJ0FXnrHNt9ucd9GzMaAISeUwk,information technology and services,linkedin.com/company/franceenergiesservices,toul,france energies services,grand est,1-10,groupe-mhf.fr
france,,2JIvqJwVwpJfBPkFeJYXcgSaZXwM,information technology and services,linkedin.com/company/najmed-consulting,colombes,najmed consulting,île-de-france,1-10,
france,2022,RhOLjjjdWGrTsNh1SjsYJAWLYHN0,information technology and services,linkedin.com/company/sarl-bit,lyon,b&it,auvergne-rhone-alpes,1-10,bittech.fr
france,2020,EIwKYkoApDnt0SYJo8QiQwpgmuM1,information technology and services,linkedin.com/company/calyops2020,paris,calyops,île-de-france,1-10,
france,,MqTy49tI8nBFj1iQ5CH7UwRWtKeD,information technology and services,linkedin.com/company/ecd-concept,oullins,ecd concept,auvergne-rhône-alpes,1-10,
france,2006,ROQhu0Uhw0uTirSu2D2blgScPugA,information technology and services,linkedin.com/company/a&o-systems-services,vélizy-villacoublay,a&o systems+services,île-de-france,1001-5000,aoireland.ie
france,2009,DCgSB9dxR0CDBBuGbohZKQPmyw9T,information technology and services,linkedin.com/company/xl-ingénierie-paris,paris,xl ingénierie,île-de-france,11-50,xl-ingenierie.com
france,,dnhHcCl770cCXD7dpdmf9A1hBVdl,information technology and services,linkedin.com/company/pxt-infocom,orgon,pxt infocom,provence-alpes-côte d'azur,1-10,
france,2010,xaN0UY9bySxhVMBJEPxgCAjVOcJZ,information technology and services,linkedin.com/company/shoreo-group,paris,shoreo,île-de-france,1-10,shoreo-group.com
france,,v5oOZ7WyRXjL4Ku8z9BbJAkOPyKZ,information technology and services,linkedin.com/company/aware-consulting,haubourdin,aware consulting,hauts-de-france,1-10,
france,2017,XtzWRGyJhee3YYezg0feSwB5AeOL,information technology and services,linkedin.com/company/askr_ai,paris,askr.ai,île-de-france,1-10,askr.ai
france,2023,Y4q842wi8aCVX2Exm7Hlygy9i48R,information technology and services,linkedin.com/company/sambotte,strasbourg,sambotte,grand est,1-10,sambotte.net
france,,CoZ0erW1xQwBabNypLlJUQyHoOia,information technology and services,linkedin.com/company/drascombe-telecom,saint-paul-de-jarrat,drascombe telecom,occitanie,1-10,
france,2020,5JMgZTQZye8qjcO3NDG7PQqPS8UH,information technology and services,linkedin.com/company/cve-consulting,lille,cve consulting,hauts-de-france,1-10,
france,2016,iHX26okGFx2zagZBMbmwegkgpPI7,information technology and services,linkedin.com/company/amazingpixelwebagency,aix-en-provence,amazingpixel web agency,provence-alpes-côte d'azur,1-10,amazingpixel.fr
france,2023,hbXtdxtyCBVSxUjegZZtXgc9lcYh,information technology and services,linkedin.com/company/aucoeurdessystemesinformatiques,cambrai,acsi,hauts-de-france,1-10,
france,2015,aywc6aCGjsCTIKS3Uu0bEQasTuih,information technology and services,linkedin.com/company/kantree,paris,kantree,île-de-france,1-10,kantree.io
france,2021,B3zQRBvsbN6uiGtLP1FwrwwzHWRP,information technology and services,linkedin.com/company/easy-will,paris,easy will,île-de-france,1-10,easywill.fr
france,,YS1EUUfc5ltbAx0QNCsSnAyOvbbX,information technology and services,linkedin.com/company/omeganote,bagneux,omeganote,île-de-france,1-10,omeganote.fr
france,2020,hsTIXZsTUTxGoCDHsQ00lwBQiQCU,information technology and services,linkedin.com/company/graphql-portal,paris,graphql portal,île-de-france,11-50,graphql-portal.com
france,,sMB2dBFVhmvKsFgVzBqDQQDGEfP8,information technology and services,linkedin.com/company/all-is-consulting,cergy,all-is consulting,île-de-france,1-10,
france,,CHyibyquTa3RE4eZywWPTAZzudtY,information technology and services,linkedin.com/company/jueding-it,alfortville,jueding it,île-de-france,1-10,
france,,MyHNqBSqlFwtixH2CeABOgW7Xso9,information technology and services,linkedin.com/company/odience-network,paris,odience network,île-de-france,1-10,odience.net
france,,g4VPPiXPq0uIZh0NTnBLJwRHAybQ,information technology and services,linkedin.com/company/axiotech,paris,axiotech,île-de-france,1-10,
france,1987,QRE6Rz0q3jpyr1Bk5lzWYAZUcCrC,information technology and services,linkedin.com/company/cibest,besancon,cibest,bourgogne-franche-comte,51-200,
france,2024,Fd0i7ULKoFuB5Fm1WfRXOQSOe4sB,information technology and services,linkedin.com/company/advanted-consulting,augny,advanted.,grand est,1-10,advanted-consulting.com
france,2022,9ZM97UU2Z7DK3sVMz3kiTwGNACgB,information technology and services,linkedin.com/company/pbt-conseil,saint-maur-des-fossés,pbt conseil,île-de-france,1-10,pbtconseil.fr
france,,Ka27PtxGr5BVqLP8gbiw3gD0kAop,information technology and services,linkedin.com/company/circet-distribution,paris,circet distribution,île-de-france,51-200,circetdistribution.fr
france,,QPVMRRq7vCa38b3MYQ0ybANrlQ1u,information technology and services,linkedin.com/company/zodiac-automotive,pusignan,zodiac automotive,auvergne-rhône-alpes,1-10,zodiacautomotive.com
france,,MfOTgATCi8lZh0CDCTgIJQhwQOn4,information technology and services,linkedin.com/company/galoin-philippe,toulouse,galoin philippe,occitanie,1-10,
france,2007,xqHFj76Y3fQYTOBcls9BRwvuRQ17,information technology and services,linkedin.com/company/esaengineering,neuilly-sur-seine,esa engineering,île-de-france,1-10,
france,1996,uEVHjsnfUdNrOdl3q6KpEgKgSdig,information technology and services,linkedin.com/company/l'​-le-des-m-dias,paris,viadirect,île-de-france,51-200,viadirect.com
france,2017,LR16By0aMp1aHK202BizCgUrjSMJ,information technology and services,linkedin.com/company/korys-technologies,toulouse,korys technologies,occitanie,11-50,korys.io
france,2022,zKvZDlFtcoTRIKDWLB7ZAg5PdpXC,information technology and services,linkedin.com/company/meerai,paris,meerai,île-de-france,1-10,meerai.io
france,,5CI3YlhmcN8i1JQn4i8IFw2Vm0tu,information technology and services,linkedin.com/company/xeriatechnologies,pau,xeria,nouvelle-aquitaine,1-10,xeria-technologies.fr
france,2000,tqZpFdrnACYz6tuEQxTVlgg6wW51,information technology and services,linkedin.com/company/chambersign-fr,chazelles-sur-lyon,chambersign france,auvergne-rhône-alpes,11-50,chambersign.fr
france,2022,zSR5j72PtN4r9DUBINnWIwEkWKst,information technology and services,linkedin.com/company/visiball360,cannes,visiball360 - agence web,provence-alpes-côte d'azur,1-10,visiball360.com
france,,Lg4WZXWQfBvvUZhKVRrp3QFHPAKt,information technology and services,linkedin.com/company/syn-assist,paris,syn assist,île-de-france,1-10,syn-assist.fr
france,2011,zIa7VKkSW3q9nmRxWPZx5Qyf9CMo,information technology and services,linkedin.com/company/designer-fonctionnel,paris,designer fonctionnel,île-de-france,1-10,designerfonctionnel.com
france,2020,UaYMsYWqZrEf8Yj2BuwjnAOEaKiP,information technology and services,linkedin.com/company/veritise,paris,veritise,île-de-france,1-10,veritise.com
france,2023,vcTZJml6RB0cea3mqJcSzwWMm0VO,information technology and services,linkedin.com/company/kodeio,denicé,kodeio,auvergne-rhône-alpes,1-10,
france,,BQlFe1q6d1JBBCkXoPC43wKGyPkg,information technology and services,linkedin.com/company/creation9,roubaix,creation9,hauts-de-france,1-10,
france,,qKPLnTBAH36fBXHLjLcsQAle0SzR,information technology and services,linkedin.com/company/statmatic-clinic,paris,statmatic clinic,île-de-france,1-10,
france,,uQ9pu5CHWh9dDXVsIVzaHw2BtSzI,information technology and services,linkedin.com/company/imasi-sarl,vienne-en-arthies,imasi sarl,île-de-france,1-10,imadrone.com
france,2007,NRZlI1hLCGZnXGm8tpElygyOR5Iv,information technology and services,linkedin.com/company/tradematic-ltd.,paris,tradematic ltd.,île-de-france,11-50,trade-matic.ru
france,,OINcn5IkR40Nzi7yZJVynAaziDON,information technology and services,linkedin.com/company/breizh29-informatique,névez,breizh29-informatique,bretagne,1-10,breizh29informatique.fr
france,,LTmONsOXuZGpVcQzYx4EFA1b8Sr6,information technology and services,linkedin.com/company/cad3dprint,bressuire,cad3dprint,nouvelle-aquitaine,1-10,cad3dprint.fr
france,2014,8CbkK92tQWWUxQHVaYxKCAhEjRnG,information technology and services,linkedin.com/company/im-pact,lyon,im-pact,auvergne-rhone-alpes,1-10,im-pact.fr
france,,8laIwqPCioXf2bliQguB7w2tQggs,information technology and services,linkedin.com/company/vertigo-solution,marseille-en-beauvaisis,vertigo solution,hauts-de-france,1-10,
france,2003,qilQkgy3ViLw41BgCOOlcABamd7j,information technology and services,linkedin.com/company/eaf-entreprise,noisy-le-grand,digital4business,île-de-france,51-200,digital4business.fr
france,2022,qhsJrbRwBLMug19W30pfSQY6qquv,information technology and services,linkedin.com/company/infoneeu,strasbourg,infone,grand est,1-10,infone.eu
france,2021,W08TP9ZpjqUNkl0svNmqJgVk1mSG,information technology and services,linkedin.com/company/mindflowautomation,paris,mindflow,île-de-france,1-10,
france,,mhC8kK6FSxt5FXIlTMGABAWYp7df,information technology and services,linkedin.com/company/-id08-aide-informatique-a-domicile,charleville-mézières,@id08 aide informatique a domicile,grand est,1-10,
france,2021,XWUBtCiIrBYiTfuarr8hnA52Jtqt,information technology and services,linkedin.com/company/pjp-informatique,morthomiers,pjp informatique,centre-val de loire,1-10,pjp-informatique.fr
france,2002,XGyaOUc7XMk36cZx95QRigRIes12,information technology and services,linkedin.com/company/zapping-conception,bordeaux,zapping conception,nouvelle-aquitaine,1-10,zappingconception.com
france,2005,cWGTcbDCg0vt2twrT5gThwonZszZ,information technology and services,linkedin.com/company/inwaveeurope,aix-en-provence,inwave europe,provence-alpes-côte d'azur,51-200,
france,2023,X9aLXM7V4wJG0up0EL7d8w6H167w,information technology and services,linkedin.com/company/monsiteweb-services,noisy-le-grand,monsiteweb services,île-de-france,1-10,monsiteweb.click
france,1988,kB75MPRNfiLWuFgWrUdcuAvHHdoI,information technology and services,linkedin.com/company/seres-groupe-docapost-,ivry-sur-seine,seres (docaposte),île-de-france,51-200,seres.fr
france,2021,uwNCWOGCcRe4V7ofUqAGAA3wL15g,information technology and services,linkedin.com/company/tricolorapp,cannes,tricolor,provence-alpes-côte d'azur,1-10,
france,1978,majAzD2dNBMYvf9nVcbLQQGJi3pb,information technology and services,linkedin.com/company/pryntec,meursault,pryntec,bourgogne-franche-comté,51-200,pryntec.fr
france,2003,xhXKuVGv033tze5bjnS16AoID2pR,information technology and services,linkedin.com/company/digital.infoservices,cosne sur loire,digital is,bourgogne-franche-comté,1-10,digital-is.fr
france,2013,pXSX7bytlmTunESJmaCvuw1GSRy1,information technology and services,linkedin.com/company/tamiade,paris,tamiade,île-de-france,1-10,vincentbeziade.com
france,2022,KAD482bMj9jBUx6lo891Yg2olNZW,information technology and services,linkedin.com/company/edwart-co,paris,edwart.co,île-de-france,1-10,edwart.co
france,2020,sDVABsAE77LFKHkE7BB53QARDfos,information technology and services,linkedin.com/company/alice-bob,paris,alice & bob,île-de-france,51-200,alice-bob.com
france,2022,39U8xCUWBAVZUzMIlcU6BQj7JxlV,information technology and services,linkedin.com/company/lavandine-graphiste,avignon,lavandine graphiste,provence-alpes-côte d'azur,1-10,lavandine-graphiste.fr
france,,LBEZMNdz1cfvRc5hXYDK3A1zmK2g,information technology and services,linkedin.com/company/mediatrotter,saint-bonnet-près-riom,mediatrotter,auvergne-rhône-alpes,1-10,mediatrotter.fr
france,2009,iIumvwvz9GmzTSgYeCZ5QQmkyMa5,information technology and services,linkedin.com/company/xlm-services,toulouse,xlm services,occitanie,51-200,xlm-services.com
france,2005,MBI0LCqHgxLYHHeuGYBT1gRzaTBz,information technology and services,linkedin.com/company/praestantia,lyon,praestantia,auvergne-rhone-alpes,1-10,praestantia.net
france,,WiTGEWebUZSpD7UFSXODFwX67ni4,information technology and services,linkedin.com/company/mamasoft-iot,lille,mamasoft,hauts-de-france,1-10,mamasoft.fr
france,2020,7jyovqTswH6TjRsqIfVAUgiWFlDA,information technology and services,linkedin.com/company/atwency-group,paris,atwency group,île-de-france,11-50,atwency.com
france,2023,A65ZdgRL6rYtiHvvlnpOCQAlrB7x,information technology and services,linkedin.com/company/cybermyne,rennes,cybermyne,bretagne,1-10,cybermyne.fr
france,2023,PVQOLGcC2WqaaGcs1SRhUQGLONLz,information technology and services,linkedin.com/company/haiclor-consulting,la ravoire,haiclor consulting,auvergne-rhône-alpes,1-10,haiclor.com
france,,2dJqOtCeQD3zWgUkVN33TAIRGq58,information technology and services,linkedin.com/company/societeinfo-com,paris,societeinfo.com,île-de-france,1-10,societeinfo.com
france,2024,G9b2IElap3aYkrQwz9zf6A36Dn0j,information technology and services,linkedin.com/company/ecovea,agen,ecovea,nouvelle-aquitaine,1-10,ecovea.com
france,,9q9Tv6ON2GSdRx01VBUeyw835qzV,information technology and services,linkedin.com/company/f-b-&-co,saint-cloud,f@b & co,île-de-france,1-10,
france,2023,1xs014zu9c023x8O2lGUGwLgJfWq,information technology and services,linkedin.com/company/review-collect,paris,review collect,île-de-france,1-10,review-collect.com
france,2017,W2GkGCnhv7ag2oKDeHx2zwYopjrN,information technology and services,linkedin.com/company/strigi-form.fr,futuroscope,strigi-form,nouvelle-aquitaine,1-10,strigi-form.fr
france,,xM1hvpB0RWBjddfAZ5nFTAxN01jn,information technology and services,linkedin.com/company/st2-fr,marseille-en-beauvaisis,st2,hauts-de-france,1-10,st2.fr
france,2020,9GBPdTk6PSaHPsQmC4RDQQOq26wA,information technology and services,linkedin.com/company/kal-it-company,,kal-it,île-de-france,1-10,kal-it.fr
france,2023,2azLtV41dOQCyhj02KV12QZa3jZ8,information technology and services,linkedin.com/company/votre-site-nous,paris,votre site & nous,île-de-france,1-10,votresiteetnous.com
france,2022,7gkIRD3MnnlRCmkg6P01VgEQDBJb,information technology and services,linkedin.com/company/geostra,vitry-en-perthois,geostra,grand est,1-10,
france,2018,icIJvvrgCmWjZrPAUmhOzwm9m2qn,information technology and services,linkedin.com/company/channel-sales-consulting,paris,channel & sales consulting,île-de-france,1-10,channelsales-consulting.com
france,,alXMPCNOJQCnhpsUlfIIPQBvm03f,information technology and services,linkedin.com/company/krestanoff-nicolas,pannes,krestanoff nicolas,centre-val de loire,1-10,
france,,Av5iskQ9SaLMz3vzVCh5QAJaLS08,information technology and services,linkedin.com/company/delattre-consulting,paris,delattre consulting,île-de-france,1-10,
france,2004,RTLoExWtlVc7pCgcxuFIzgZHUVwj,information technology and services,linkedin.com/company/deliberata_si,la rue-saint-pierre,deliberata,normandie,1-10,deliberata.com
france,,rbF41YC9yb2ksvAO4o0FOwFnDvOr,information technology and services,linkedin.com/company/skill-now.fr,paris,skill now,île-de-france,1-10,skill-now.fr
france,2023,OBshJPghpUCEjenMDDywXQtiYZrQ,information technology and services,linkedin.com/company/alke-ingenierie,les essarts,alké ingénierie,pays de la loire,1-10,alke-ingenierie.com
france,2022,BP6QDQp2OnuMPrNvraSWVAbJaxqC,information technology and services,linkedin.com/company/mysensay,paris,sensay,île-de-france,1-10,mysensay.fr
france,2011,Uf1UG4lJhlJipO5VgR3qJgVBOicA,information technology and services,linkedin.com/company/saynete,bastia,saynete,corse,1-10,saynete.net
france,,ZAFS2s4cuWud6ZLuFjCXsgm4ZMUy,information technology and services,linkedin.com/company/atee-inc,coutances,atee inc,normandie,1-10,atee.ca
france,2013,y3HFkYqzPsgf0uCgOmjOMAEyotXp,information technology and services,linkedin.com/company/s&b-digital,paris,s&b digital,île-de-france,1-10,sandbdigital.com
france,2022,9Uon9QD3tUCY3bgorlY12wUGIf2h,information technology and services,linkedin.com/company/numilux-informatique,marguerittes,numilux informatique,occitanie,1-10,numilux.com
france,2015,CAY5l5yZQ1Rasyd3pCTFVQmhkBIH,information technology and services,linkedin.com/company/vooter,boulogne-billancourt,vooter,île-de-france,1-10,vooter.co
france,2012,CnMwEQVY1aCR5Jq2uYEOXgGdrXWS,information technology and services,linkedin.com/company/bertek-sas,paris,bertek corp.,île-de-france,11-50,bertek.fr
france,,d4UCt7S30bK5rLJuLZ93qQdxeqe2,information technology and services,linkedin.com/company/stepup-paris,paris,step up paris,île-de-france,201-500,
france,2018,BsV2huCLWkIkTIpy6qRIlAMzhzrV,information technology and services,linkedin.com/company/hogosolutions,meyzieu,hogo solutions,auvergne-rhône-alpes,1-10,hogosolutions.com
france,,t21Y9KvxrtM8E4DqGSxjkgy8mARm,information technology and services,linkedin.com/company/saha-link,paris,saha.link,île-de-france,1-10,saha.link
france,,QXNFlOnB90X6EqtqXjIavABjlhSs,information technology and services,linkedin.com/company/xefi-rodez,sébazac-concourès,xefi rodez,occitanie,1-10,
france,2014,ikXvjvLL5WKGoki3jGcY9gqmRn8I,information technology and services,linkedin.com/company/clustree,la rue du matz,clustree,île-de-france,11-50,clustree.com
france,,9Hd3qv9iyb90mA67JeJAog2JKWnv,information technology and services,linkedin.com/company/rezohm,le bourget-du-lac,rezohm,auvergne-rhône-alpes,1-10,
france,2021,WHzCinFI7Rqxh7u6O9SOPAyAtsY0,information technology and services,linkedin.com/company/neuralight-sarl,paris,flaggr,île-de-france,1-10,
france,2012,bOxkSbvqk02CSrbGW9Cb6w7KCgTf,information technology and services,linkedin.com/company/orfeotechnologies,sallanches,orfeo technologies,auvergne-rhône-alpes,1-10,orfeo-technologie.com
france,,uTXDykDClrQGNKxZ3ArK3wtY54bP,information technology and services,linkedin.com/company/prallong-alain,savigny-sur-orge,prallong alain,île-de-france,1-10,
france,2021,qfU33Ebi5qjdcdGInKpWLA5OKOmW,information technology and services,linkedin.com/company/quosair-archives,orly,quosair,île-de-france,11-50,
france,,maXvwFT2wr4R3Dj12Wl2iwQMj0Hg,information technology and services,linkedin.com/company/cronos-it,servon-sur-vilaine,cronos it,bretagne,1-10,
france,,CICKNHWsZChrH3zG2CW5gwhazs5y,information technology and services,linkedin.com/company/morbihan-informatique-et-numérique-à-domicile,kervignac,morbihan informatique et numérique à domicile,bretagne,1-10,mindonline.fr
france,,QfpQjwJpcdG3UPMOaeramgeCeI2O,information technology and services,linkedin.com/company/syrhux-technologies,rue,syrhux technologies,hauts-de-france,1-10,
france,2017,taWzsqE8KZTRIcXpHP6zdgjAPl1X,information technology and services,linkedin.com/company/sokeo,marseille,agence sokeo - développement & référencement,provence-alpes-côte d'azur,1-10,sokeo.fr
france,,AxUa0XIaITfGID8UGD0eewOkwIur,information technology and services,linkedin.com/company/systork-engineering,erstein,systork,grand est,1-10,linktr.ee/systork
france,,RFspL4znfi0TfXYsZCCstwD4TaYz,information technology and services,linkedin.com/company/aptelia,,aptelia,,51-200,
france,2003,s6O8ljH2xxKlXrMqqjWufQGEXmz8,information technology and services,linkedin.com/company/alliance-services-plus,paris,alliance services plus,île-de-france,51-200,asplus.fr
france,,jwIA1IxE9YEwkL7NLRjfag9P37P8,information technology and services,linkedin.com/company/lundus-eu,huningue,lundus technologies,grand est,1-10,lundus.eu
france,2009,ih9MllcqM6VDaLEjyCMFCARWAsJL,information technology and services,linkedin.com/company/lcmh,mulhouse,lcmh,grand est,1-10,lcmh.fr
france,2015,yK04dmq7BGcCeSrDJuKykQxlqLHy,information technology and services,linkedin.com/company/inaubi,villeneuve-les-sablons,inaubi,hauts-de-france,11-50,inaubi.fr
france,2018,WJAFy2RS7NuqZpsUApEqkwHil0dm,information technology and services,linkedin.com/company/paul-r,paris,pr development,île-de-france,1-10,paul-r.com
france,2013,XrmucRwqwQBRZQBNYuM5uwuFjCOL,information technology and services,linkedin.com/company/aniatys,ennevelin,aniatys,hauts-de-france,1-10,aniatys.fr
france,2018,ArrC8noT8jYEzNg3QgqANgDTleso,information technology and services,linkedin.com/company/erya,saint-ouen,erya,île-de-france,1-10,erya.io
france,1971,EnqFGbzCiZ5sOFUCZFpKrg3iSjRL,information technology and services,linkedin.com/company/sotieg,paris,sotieg,île-de-france,1-10,sotieg.fr
france,,SZHu5BtVcAyIa9RwodVx2wkjWGjQ,information technology and services,linkedin.com/company/venedim-consulting,boulogne-billancourt,venedim consulting,île-de-france,51-200,
france,2014,YZBtQeQaArnwVsopoMKJIguV9XiB,information technology and services,linkedin.com/company/bi-management-consulting,sceaux,bi management consulting,île-de-france,1-10,biconsulting.net.au
france,,4igXzARfX5MmYy7eI64GWAbH18PQ,information technology and services,linkedin.com/company/formatoo,,formatoo,,1-10,formatoo.fr
france,2019,INCB1rmTZwHShzZKT0lsSw2CUX7j,information technology and services,linkedin.com/company/akhimi,mormant,akhimi,île-de-france,1-10,akhimi.com
france,,XDeEzBEhhzwpQxaX42SNigxYVO9n,information technology and services,linkedin.com/company/danku-health,grenoble,danku health,auvergne-rhone-alpes,1-10,dankuhealth.com
france,1992,zMBX37XoDnoB9C7Rox4w6A6dQikt,information technology and services,linkedin.com/company/hh-s,paris,hh&s,île-de-france,1-10,hhns.fr
france,,tlCQ4ZZ5vtNZXVmxi4KTRA9EgP1P,information technology and services,linkedin.com/company/audensiel-occitanie,toulouse,audensiel occitanie,occitanie,11-50,
france,,IHDDbscr3uP829ZyZrDSAQqV83hH,information technology and services,linkedin.com/company/ngo-mbinga-aline-georgette,saint-brieuc,ngo mbinga aline georgette,bretagne,1-10,
france,,b6smw1aUrCVQtWIIokh7kAgMn3B6,information technology and services,linkedin.com/company/more-digital-solutions,paris,more digital solutions,île-de-france,1-10,moredigitalsolutions.com
france,,ZOCL5qIKBKrjy6BU13RkOQ6ORKbv,information technology and services,linkedin.com/company/nami-conseil,,nami conseil,,1-10,nami-conseil.com
france,,3xLD8ATR5t7EoBgbEGP9zgUnI2kv,information technology and services,linkedin.com/company/nea-it,paris,nea-it,île-de-france,1-10,
france,2001,qVyWdLuFBPiJmdsluOBm7gbgkKJv,information technology and services,linkedin.com/company/applixia-sas,dreux,applixia sas,centre-val de loire,11-50,applixia.com
france,2015,1B91YePzn4ICJznb4wwUPwZsfbPk,information technology and services,linkedin.com/company/gravinda,strasbourg,gravinda,grand est,1-10,gravinda.fr
france,1998,393zsXEhN57zBXGBf7BsIAc0bRJl,information technology and services,linkedin.com/company/agsi-allmac,saint-ouen-l’aumône,agsi | all mac,île-de-france,1-10,
france,2023,u4HhIrsH0WDXVBZEhteu4gqUuj6E,information technology and services,linkedin.com/company/masc-it,lille,masc-it,hauts-de-france,1-10,masc-it.fr
france,2016,0cmY2AnjLjqEyzFEXuw8yg72D8cT,information technology and services,linkedin.com/company/sarl-acti-tech,troyes,acti-tech,grand est,1-10,acti-tech.fr
france,,ScMCSlqh6rA2mZZtbL7qJA6OUmf0,information technology and services,linkedin.com/company/learnconnexion,châteauneuf-grasse,learnconnexion,provence-alpes-côte d'azur,1-10,learnconnexion.com
france,2012,jAkZoSCCPxChV9a5hm6D5A6eCNdd,information technology and services,linkedin.com/company/applitec,vrigne-aux-bois,applitec,grand est,1-10,applitec.com.au
france,,BmmvtPLY0C77GxtP5KQ8Cguc6wFg,information technology and services,linkedin.com/company/interactive-design-of-sound,avignon,interactive design of sound,provence-alpes-côte d'azur,1-10,
france,,g85tdwt0yuFm1ReIKwDEkQY6OFjZ,information technology and services,linkedin.com/company/olwen-technologies,réaumont,olwen technologies,auvergne-rhône-alpes,1-10,olwen-technologies.com
france,2023,rC8zoMf7JlMK8eo7b7sKuwvYVBgi,information technology and services,linkedin.com/company/sunflow-fr,rueil-malmaison,sunflow,île-de-france,1-10,sunflow.fr
france,2013,6aIRo8g7akamOCcJIT2VzQWUQ3ni,information technology and services,linkedin.com/company/wannath,paris,wannath,île-de-france,1-10,wannath.com
france,2015,XBWH5YDB7HKiYftQMRMdEwfbEmEN,information technology and services,linkedin.com/company/ucithpc,montpellier,ucit,occitanie,1-10,ucit.fr
france,2015,eN1oEO5IwbEzstevovdCVQyGV8Hv,information technology and services,linkedin.com/company/mantiq---experts-in-data-science,lyon,mantiq - experts in data science,auvergne-rhone-alpes,1-10,mantiq.fr
france,2011,oGZbT6myUPKkiliysIfg3wBpJROl,information technology and services,linkedin.com/company/audeofrance,boulogne-billancourt,audeo france,île-de-france,1-10,audeofrance.com
france,,Llrs4q5IxuPBBKT7BCtfWQruyzsO,information technology and services,linkedin.com/company/barse-eric,le val-saint-germain,barse eric,île-de-france,1-10,
france,2016,kUTrWSo20i6CCCRT1i8ohAmRcsn2,information technology and services,linkedin.com/company/zsoft-consulting,paris,zsoft,île-de-france,11-50,zsoft-consulting.com
france,,vHhg2dCVPfiV4Rj1FI3mvwg2zhQv,information technology and services,linkedin.com/company/hfrance,sanilhac,hfrance,nouvelle-aquitaine,1-10,
france,,KsscfJCDRr8sQ23TUZEJaAHWKWlJ,information technology and services,linkedin.com/company/g-renew,massy,g-renew,île-de-france,1-10,g-renew.com
france,2018,wNxlqJeSiqIaOPVe87c0CQyYODWo,information technology and services,linkedin.com/company/doit-sasu,sartrouville,doit,île-de-france,11-50,doit-consulting.com
france,2022,Rpa0X6SGncW3uNdVO4N5nwrrYf7j,information technology and services,linkedin.com/company/icom-st,paris,icom.st,île-de-france,1-10,icom.st
france,1997,OtII9y3lVZjzFm1ZLdNCMglnR6nx,information technology and services,linkedin.com/company/its-group-s-a-,boulogne-billancourt,its group s.a.,île-de-france,1001-5000,itsgroup.com
france,2023,J3cpi32EaW3NLagniRG0BAjzVYz6,information technology and services,linkedin.com/company/évolution-photovoltaïque,aussillon,évolution photovoltaïque,occitanie,1-10,evoltaique.fr
france,,CxDHpLh8jS4mU0c2N9A2uANFhrrA,information technology and services,linkedin.com/company/neuronys,maubeuge,neuronys,hauts-de-france,1-10,
france,2016,F9RElFiNNnaBEmqhkTzCdQDTrz6A,information technology and services,linkedin.com/company/ftf-forthefuture,paris,ftf - forthefuture,île-de-france,1-10,forthefuture.io
france,,EJhB2uOCDE1u69vfsHAmcATesmZT,information technology and services,linkedin.com/company/mathieu-demange,paris,mathieu demange,île-de-france,1-10,mathieudemange.fr
france,2019,N6F2SaY5UrzTn1MqDvk0jAD8TJdK,information technology and services,linkedin.com/company/lennatech,grenoble,lennatech,auvergne-rhone-alpes,1-10,lennatech.com
france,,MVST1YyOCuOrCB4XGqi0gwwLWlhR,information technology and services,linkedin.com/company/kerjem,vitry-sur-seine,kerjem,île-de-france,1-10,
france,2019,RPyTSGnTDFTltpsmDj0sBgwL6JDp,information technology and services,linkedin.com/company/new-way-sas,marseille-en-beauvaisis,new way sas,hauts-de-france,1-10,newwaysas.fr
france,2013,AULEQUbmmtlVuJ5FtSj3Ygn4BS1E,information technology and services,linkedin.com/company/the-assets,paris,the assets,île-de-france,11-50,theassets.co
france,2008,mDlGLjixMfnaawIOt5xRzgHyKp4h,information technology and services,linkedin.com/company/ordilogique,calvinet,ordilogique,auvergne-rhône-alpes,1-10,ordilogique.fr
france,2023,TmmphBjUwWzGHgSFaBF0nwL0FbmI,information technology and services,linkedin.com/company/solution-eco-france,neuilly-sur-seine,solution eco france,île-de-france,1-10,solutionecofrance.fr
france,2009,PyrLU5Tq7aWsAAWe69dHGwWYyqlD,information technology and services,linkedin.com/company/solutionbi-group,paris,solution bi,île-de-france,201-500,sbi-group.com
france,,6UVS4UVrK7BFeCtaytTTrAqhPeJU,information technology and services,linkedin.com/company/motsch-david-glenn,limoges-fourches,motsch david glenn,île-de-france,1-10,
france,2008,lFMm1UA0IqgWSpXei2cg4gKDgEQO,information technology and services,linkedin.com/company/eloenz-groupe,brignoles,eloenz groupe,provence-alpes-côte d'azur,11-50,eloenz.com
france,,rx8P9JE0hJrd1ayXFwj7bQmxvA6G,information technology and services,linkedin.com/company/angisys,paris,angisys,île-de-france,1-10,angisys.fr
france,,KCBOEtbyB0OVMbwAp7iICgSzfIZ0,information technology and services,linkedin.com/company/cobotone,chanteloup-les-vignes,cobot one,île-de-france,1-10,cobot-one.com
france,,D7pMhBmSjuPwyiGRhKkExwipz21y,information technology and services,linkedin.com/company/enizrom-conseil,morzine,enizrom conseil,auvergne-rhône-alpes,1-10,
france,,gga0zJCLO6ZKcyUyUlqXkw82HnxS,information technology and services,linkedin.com/company/monsieur-jacques-com,marseille-en-beauvaisis,monsieur-jacques.com,hauts-de-france,1-10,monsieur-jacques.com
france,2017,EmUGj5Kkq84MaN3E13iQvgIxIIbY,information technology and services,linkedin.com/company/idi-reims-europe,rue-de-la-halle,idi.reims-europe,grand est,1-10,idireims.fr
france,2002,M0daV1MzUbwnO9FkdNsEVAoX3Y5f,information technology and services,linkedin.com/company/capensis,wasquehal,capensis,hauts-de-france,11-50,capensis.fr
france,,IKSZZuFnbANd8TcPTPOWCABRaypN,information technology and services,linkedin.com/company/avenetco,yerres,aven&co,île-de-france,1-10,avenetco.com
france,2019,g8MbcY90DWdk0kafDiSbOA24JAle,information technology and services,linkedin.com/company/connect-smart-solution,hem,connect smart solution,hauts-de-france,1-10,connectsmartsolution.com
france,,hxSxf4JV6RBn4JeBJbyFkAlTIg3m,information technology and services,linkedin.com/company/ginov-solutions,vertou,ginov solutions,pays de la loire,1-10,
france,2019,wefghyHw0La6KhdsVAeUDwPD8FaB,information technology and services,linkedin.com/company/pop-in-shop,paris,pop in shop,île-de-france,1-10,popinshop.fr
france,,a0sAkQ4ZpB0XevaPU9KnuQQqK2cw,information technology and services,linkedin.com/company/licom-international,paris,licom international,île-de-france,1-10,
france,2023,cmJLLDkViWaVlm8dxiqd8g9zcSxV,information technology and services,linkedin.com/company/robotic-mobile,montagnat,robotic-mobile,auvergne-rhône-alpes,1-10,robotic-mobile.fr
france,2022,jhGlkSl8Qqb9yvlOFRBviAaJRmZD,information technology and services,linkedin.com/company/grozfr,marseille-en-beauvaisis,groz,hauts-de-france,1-10,
france,,Ehpu3oUNtrGfcmRKGmJV6A2YyLCe,information technology and services,linkedin.com/company/zoranagence,bordeaux,zoran,nouvelle-aquitaine,1-10,
france,2015,rbwbsB7jBXU3eG1MrD2sFgnwJrXB,information technology and services,linkedin.com/company/french-tech-c-te-d-azur,nice,la french tech côte d'azur,provence-alpes-côte d'azur,1-10,frenchtechcotedazur.fr
france,2023,bTEPs1hFQoOqpeJZ00bjmwnrJl6o,information technology and services,linkedin.com/company/bidecisions,créteil,bi and decisions,île-de-france,1-10,bidecisions.com
france,2021,RuHzO9a6tsxiABuLInWIjgr64upv,information technology and services,linkedin.com/company/my-home-it,le plessis-robinson,my home it,île-de-france,1-10,myhomeit.fr
france,,M9BfMRRPjyCnobGu2jslkAGl8c25,information technology and services,linkedin.com/company/zeninfo33,carbon-blanc,zeninfo,nouvelle-aquitaine,1-10,zeninfo.fr
france,,cfAoZ4BrsaaTeKZNuDyXDgANQAts,information technology and services,linkedin.com/company/c2partner,blagnac,c2partner,occitanie,1-10,c2partner.com
france,2023,9cUOG7RscBzCt4CgeU5JggIuI1RP,information technology and services,linkedin.com/company/winatek,paris,winatek,île-de-france,1-10,winatek.com
france,2017,lhi6RCEixj5kMt4dmCiy5AbcX6sh,information technology and services,linkedin.com/company/datalobs,aulnay-sous-bois,datalobs,île-de-france,1-10,datalobs.com
france,,RsYfTvH4bX11QpWasLlifw9tGuNy,information technology and services,linkedin.com/company/smartpanda-network-s.a.s.,sotteville-lès-rouen,smartpanda network s.a.s.,normandie,1-10,smartpanda-network.com
france,2023,g04DzzerMnc4ZeC0CZNs1wobY4QI,information technology and services,linkedin.com/company/ris-lsi,longwy,ris-lsi,grand est,1-10,ris-lsi.eu
france,2015,l4vqiMTx74aPEpYRcXpVzQGLkbR2,information technology and services,linkedin.com/company/infaemous-labs,colombes,infaemous.labs,île-de-france,1-10,infaemous-labs.fr
france,,70ak5VlAh6hGuXJGS19c4wPK8IVd,information technology and services,linkedin.com/company/sat-global-consulting,charenton-le-pont,sat global consulting,île-de-france,1-10,
france,2012,nFSbCFnqUnk8urWgjJYrywQQ5XLs,information technology and services,linkedin.com/company/solpol-aura,bron,solpol aura,auvergne-rhône-alpes,11-50,
france,2006,5lKMEKu0gaEJE9vZp7rA5QckUeEA,information technology and services,linkedin.com/company/habitechenergies,aigues-mortes,habitech,occitanie,1-10,habitech.fr
france,,QjGKkcFqJhZt0RS9pMyOsAGRO0Z8,information technology and services,linkedin.com/company/comin.design,entrelacs,comin.design,auvergne-rhône-alpes,1-10,
france,1999,CYjrnl7iL0KdI6khbAUmqgNyrEH6,information technology and services,linkedin.com/company/capaciti,carquefou,capaciti,pays de la loire,11-50,capaciti.com
france,2015,zQnkPYNJX8bcf5CwYMNd5Qe2ZN7h,information technology and services,linkedin.com/company/cofaber,trédias,cofaber,bretagne,1-10,cofaber.fr
france,2020,O5zDOvI7XCNwccBtseCG6gOeYBbD,information technology and services,linkedin.com/company/kta-associes,nantes,🔹kta associés🔹 nous aidons les entrepreneurs à accélérer leur performance business & marketing,pays de la loire,1-10,kta-associes.fr
france,,ijKcwyQl7fw0BLSKn8e92gpQ3IeC,information technology and services,linkedin.com/company/tibco-services,saint-aignan-grandlieu,tibco services,pays de la loire,201-500,
france,,YJFBy6khOpfVY7WmQLBZ9QJvhhYR,information technology and services,linkedin.com/company/iamsec,orgeval,iamsec,île-de-france,1-10,
france,1992,HVVnJ7qXilKbyfqiphTo4w2mjxKG,information technology and services,linkedin.com/company/trader's---quick-software-line,paris,trader's - quick software line,île-de-france,11-50,
france,2007,s7LkIbMChWhmWMB7D1oGHwssl08x,information technology and services,linkedin.com/company/tomandco-av,asnières-sur-seine,tom&co,île-de-france,1-10,tomandco-av.fr
france,2010,Ey2FpxviyiJCH5ss6jgoxAGNvZFH,information technology and services,linkedin.com/company/squoring-technologies,toulouse,squoring technologies,occitanie,11-50,squoring.com
france,,pUA0tXxbYJNwjvyVN2y3FgzF40TC,information technology and services,linkedin.com/company/datasphère-solutions,perpignan,datasphère solutions,occitanie,1-10,
france,,jVxnQFAuU4sN4ZVwDr7CBQD9qdjw,information technology and services,linkedin.com/company/5-keys,paris,5 keys,île-de-france,1-10,
france,1985,kfg0etdzehMXfOPffidmUwzUYgl0,information technology and services,linkedin.com/company/shf-informatique-marseille,marseille,shf informatique,provence-alpes-côte d'azur,1-10,shf.fr
france,,bxk7xl1LDB2QEast3HPPWAwOy4Bh,information technology and services,linkedin.com/company/adn-technologies-limited,talence,adn technologies limited,nouvelle-aquitaine,501-1000,atcl.net
france,,n2uIrHVizFhrF6a0KcqRqAErVTcx,information technology and services,linkedin.com/company/wazar-it,,wazar-it,,11-50,wazar-it.com
france,2024,N4pQFS1ErSlGwNpPA935Kge8rTzg,information technology and services,linkedin.com/company/ingeflam,vaires-sur-marne,ingeflam,île-de-france,1-10,ingeflam.com
france,,JoRWHnLxSBYELhBwoM5dOwJZpWdq,information technology and services,linkedin.com/company/vanpeene-claire,winnezeele,vanpeene claire,hauts-de-france,1-10,
france,2002,C69CYOrunQLCLHPiwJ9t2QlC5vly,information technology and services,linkedin.com/company/dbrief-sarl,paris,d-brief,île-de-france,1-10,dbrief.fr
france,2020,s31FmtrNozAljwOBaqQPmg60lBJr,information technology and services,linkedin.com/company/declique,toulouse,declique (fermée depuis avril 2023),occitanie,11-50,declique.fr
france,2015,EKDnKqfEVXQ7NvcQ50fOjAAPJwLQ,information technology and services,linkedin.com/company/infrastructureservices,paris,infrastructure services,île-de-france,1-10,infrastructure-services.fr
france,2015,MYcwY3UBqLhPT2IsQwZUJAtAR8o2,information technology and services,linkedin.com/company/y-gen,,y-gen,,1-10,y-gen.fr
france,1989,Ab8bUycoBmzKru5topTXIgdyFKB7,information technology and services,linkedin.com/company/alpix,,alpix,,51-200,alpix.fr
france,2020,FF3rhT5BTrCg4LgZ4twwNQYH1i7x,information technology and services,linkedin.com/company/crm-catalyst,toulouse,crm erp catalyst,occitanie,1-10,crmcatalyst.fr
france,,FqPjnrnMu4Uo4rbYosmbzQucRbdD,information technology and services,linkedin.com/company/cambour-samuel,mont-saint-éloi,cambour samuel,hauts-de-france,1-10,
france,,Yc4mrH4xSeerRWaRNsp1EA82t0NT,information technology and services,linkedin.com/company/seiso-sarl,saint-germain-de-la-grange,seiso sarl,île-de-france,1-10,
france,,9kH14pBfNGtq1s4BDr6kFQjSjMk4,information technology and services,linkedin.com/company/iboo-services,angers,iboo technologies,pays de la loire,1-10,iboo-technologies.fr
france,2021,AlsNsSo4BVrCsuyiUPMNHgtavvGm,information technology and services,linkedin.com/company/groupereneco,rue,groupe reneco,hauts-de-france,1-10,groupereneco.com
france,2018,1NLwPC7hEj9JOksfTuthBwRABdGI,information technology and services,linkedin.com/company/santexens,villeneuve-d'ascq,santexens,hauts-de-france,1-10,santexens.com
france,1985,9Y3w1ghCC753DnM5xpFLzAAmAM3l,information technology and services,linkedin.com/company/dfi,saint-denis,corelia,île-de-france,201-500,d-fi.fr
france,,JZhCqlw1qHqjiJ8XXYKnuQS6YJ6H,information technology and services,linkedin.com/company/nac-6,chenôve,nac-6,bourgogne-franche-comté,1-10,nac-6.fr
france,,MryfYFmBXxv32AToNrCegQUoQ4jz,information technology and services,linkedin.com/company/davixx,paris,davixx,île-de-france,1-10,
france,,rbTLI3goxUdvi8YZEVe55AEqtUie,information technology and services,linkedin.com/company/assist-info-37,chambray-lès-tours,assist info 37,centre-val de loire,1-10,ai37.fr
france,,sgNPZn9fAY6Gazw06sJ44Qr5ysMa,information technology and services,linkedin.com/company/dieppeservices,dieppe,dieppeservices,normandie,1-10,dieppeservices.wordpress.com
france,,ewiIUcjfXLsIpVlF7p9BuAm2hDZR,information technology and services,linkedin.com/company/winovasoft,neuilly-sur-marne,winovasoft,île-de-france,1-10,
france,2000,wsBH5nxy7C33IXRJBwQjAQzLjJ9k,information technology and services,linkedin.com/company/aci-info,chazelles-sur-lyon,aci informatique,auvergne-rhône-alpes,11-50,aci-info.fr
france,,G77oQUHbFZh2SfZTuOiZ9QbcX2OE,information technology and services,linkedin.com/company/dixlo,cannes,dixlo,provence-alpes-côte d'azur,1-10,
france,2018,WuhW3bTFzJRFjFfA9Gbsyw79mt5C,information technology and services,linkedin.com/company/atlas-tech-solutions,bry-sur-marne,atlas tech solutions,île-de-france,51-200,
france,2024,y7rVdnB4l9g1pMsFxRlcXA3vVUob,information technology and services,linkedin.com/company/skillspro-co,,skillspro,île-de-france,1-10,
france,2021,6Ie51BqBBeDfvGoxmGI6zw2FYJSK,information technology and services,linkedin.com/company/ouitec,charly,ouitec,auvergne-rhône-alpes,1-10,ouitec.fr
france,,W9hJgqyhiaMOwa36XSJWegHFMheL,information technology and services,linkedin.com/company/mondialsante,chantepie,mondialsante,bretagne,1-10,mondialsante.com
france,,bK4CaWVRiPZnzIwEEUIx7gaxCKcY,information technology and services,linkedin.com/company/ziratech,orsay,ziratech,île-de-france,1-10,
france,,wIv44Gb50DNOVcCiXYOyjgdsfB7M,information technology and services,linkedin.com/company/aymi-consulting-&-services,villiers-sur-marne,aymi consulting & services,île-de-france,1-10,
france,,iKkBl8NighzsHzACCIoK4Ark9Jh4,information technology and services,linkedin.com/company/dinofi,colombes,dinofi,île-de-france,1-10,
france,,SyJUOhB0nRvJJlCwJwBdsgbFYNcW,information technology and services,linkedin.com/company/detam-décor,,detam décor,,1-10,
france,2010,WNlMTr2BuxS5PESI4IsHrgft7kST,information technology and services,linkedin.com/company/bordercloud,issy-les-moulineaux,bordercloud,île-de-france,1-10,bordercloud.com
france,,egGqq0G7i9TBDbxJHUb6HwuiCGCh,information technology and services,linkedin.com/company/atzib,villeurbanne,atzib,auvergne-rhône-alpes,1-10,atzib.com
france,2002,lkirexTp3V1OYlnqrLHonQR36FpL,information technology and services,linkedin.com/company/pictimebu,sainghin-en-mélantois,pictime,hauts-de-france,51-200,pictime.com
france,,PtOBgnhb3BHREWmPsqJ4aAN3Mrm4,information technology and services,linkedin.com/company/phirio,paris,phirio,île-de-france,11-50,phirio.fr
france,,KYwwbXCIpflAHn0FozpBswBbAclN,information technology and services,linkedin.com/company/mcarre,grézieu-la-varenne,mcarre,auvergne-rhône-alpes,1-10,
france,1998,pLoPQQdAlC2XAuOBLuQXBQpwr9wG,information technology and services,linkedin.com/company/dcconseil,saint-gaudens,dcconseil,occitanie,1-10,didier.cabale.free.fr
france,2017,B8BbPYCl1eaSzpOBjmuCGwBpzH9s,information technology and services,linkedin.com/company/luteceo,paris,luteceo,île-de-france,1-10,luteceo.com
france,,4wILmouBD3Avm4CbXWWCIgfvGl0T,information technology and services,linkedin.com/company/glayve,feuillères,glayve,hauts-de-france,1-10,
france,2013,DCCsgoTtCA7IZbQyIaoInQT5Nvkw,information technology and services,linkedin.com/company/alsinova-consulting,boulogne-billancourt,it&m stats,île-de-france,51-200,itm-stats.com
france,2016,75PxWWxxiTEOg0lbrd39Ow3GHsZ5,information technology and services,linkedin.com/company/futurope-sas,lyon,futurope sas,auvergne-rhone-alpes,1-10,futurope.com
france,,nCSwjvlDW6OAC5fvJzFLOglq36lZ,information technology and services,linkedin.com/company/silix,hagondange,silix,grand est,1-10,silix.com.ar
france,2018,dtpFBDI0LhdUo8rY0ixzeAFl3H83,information technology and services,linkedin.com/company/unirakun,nantes,uni rakun,pays de la loire,1-10,unirakun.fr
france,2021,2HLlFrclJNrEgOuUAvHM3gv7SEDb,information technology and services,linkedin.com/company/integreshop,magné,integr'eshop,nouvelle-aquitaine,1-10,integreshop.fr
france,,CeR5o5BB9Tz57HHqIWNpDwfeQ3KD,information technology and services,linkedin.com/company/midnight's-core,paris,midnight's core,île-de-france,1-10,
france,2020,ayGuSHG0ZB7sXjEgUZqogwyb86GP,information technology and services,linkedin.com/company/xplrr-xyz,althen-des-paluds,xplrr,provence-alpes-côte d'azur,11-50,xplrr.xyz
france,2016,ZGG3CBkTncTh8sWuD2rmTQvFgnL8,information technology and services,linkedin.com/company/lm-ingénierie-audiovisuel,paris,lm ingénierie audiovisuel,île-de-france,11-50,lmi-av.com
france,1985,8V84NjXnFtT19hiwi70TaQag0y9d,information technology and services,linkedin.com/company/taix,bonnelles,taix,île-de-france,1-10,taix.fr
france,2015,vDT1DpXBIAjLUpIz9pAFwQVgXEoi,information technology and services,linkedin.com/company/konvergence-consulting-france,paris,konvergence consulting - france,île-de-france,11-50,konvergence-consulting.fr
france,2023,qmCvYc0W2iw15YmT6ERzVAZ6DXo4,information technology and services,linkedin.com/company/joinwefree,paris,wefree,île-de-france,51-200,joinwefree.com
france,,CLLxcuR6aBlQ51rBNDjKPAz5a0jO,information technology and services,linkedin.com/company/media-interacti'v,villeneuve-d'ascq,media interacti'v,hauts-de-france,1-10,
france,2008,deURbcTmdMSjB8PNYFkDQgERcT4A,information technology and services,linkedin.com/company/redfabriq,paris,redfabriq,île-de-france,11-50,redfabriq.com
france,,m92ageTUqEHvBazZrvlXtwbwOqPv,information technology and services,linkedin.com/company/gcs-telesante-lorraine,villers-lès-nancy,gcs telesante lorraine,grand est,11-50,
france,2020,Ua0ThdQPpEneV49mGVMeAwygG7Kc,information technology and services,linkedin.com/company/umb-network,grenoble,umb network,auvergne-rhone-alpes,1-10,umb-network.net
france,,TeNaY7XHyCij0vasCUB50gTC6GYp,information technology and services,linkedin.com/company/mekalab,paris,mekalab,île-de-france,1-10,
france,,rMdRbNCCb8HVIG6KaxJLFQY1cOoL,information technology and services,linkedin.com/company/3amc,,3amc,,1-10,3amc.fr
france,2010,ZI4pFeoLfUqBlxN93BoTOgN3i7xG,information technology and services,linkedin.com/company/bfast-system,saint-michel-sur-orge,bfast system,île-de-france,51-200,bfast-system.com
france,2005,eTvVeFWCI9gluHwVcNaMCAISA56p,information technology and services,linkedin.com/company/forsitec,boulogne-billancourt,forsitec & cisif,île-de-france,51-200,forsitec.com
france,,X8SHGhwmUEulCDURZe48cQ9oPzaK,information technology and services,linkedin.com/company/dfe-consulting,marseille-en-beauvaisis,dfe consulting,hauts-de-france,1-10,
france,2013,LWoLKU6tcUCr42ul2STBSwfc3sLG,information technology and services,linkedin.com/company/addstones,paris,addstones,île-de-france,201-500,addstones.fr
france,2018,sbjniMam6MqoGi73nO0WcwMMnv6f,information technology and services,linkedin.com/company/markethings-io,paris,markethings.io,île-de-france,1-10,markethings.io
france,,afoEre5myxzHyMjBCGHNmgQPlBRR,information technology and services,linkedin.com/company/portaconnect,ramonville-saint-agne,portaconnect,occitanie,1-10,portaconnect.com
france,2006,9yBmY3tmjCTgUKTXSr9QQwFNVWRb,information technology and services,linkedin.com/company/resadia,pantin,resadia,île-de-france,1001-5000,resadia.com
france,2015,Np0Bu0eDfBRPAzcwg8IOAQlCeYKH,information technology and services,linkedin.com/company/media-ap,paris,media-ap,île-de-france,1-10,media-ap.com
france,,BJlUKrA3BJCWUXEcRRgBvwL0nI3o,information technology and services,linkedin.com/company/rif-solutions,saint-priest,rif solutions,auvergne-rhône-alpes,1-10,rifsolutions.fr
france,2016,MDG19W2vKYw4s5mWDJPxbgy6FRjg,information technology and services,linkedin.com/company/thesee-datacenter-france,aubergenville,thésée datacenter,île-de-france,11-50,thesee-datacenter.com
france,2010,d3Cow4CvfrMjPwKx34BYdwqHWXrz,information technology and services,linkedin.com/company/transparency-rights-management,paris,transparency rights management,île-de-france,1-10,transparencyrights.com
france,,7vElzyHnZqV0OAyvKhbO9Qn1KPGp,information technology and services,linkedin.com/company/groupement-it,levallois-perret,groupement it,île-de-france,1-10,groupement-it.com
france,2019,ws0IMDvF6xiWVHPPeh81HAiejE3f,information technology and services,linkedin.com/company/arc-en-ciel-inspection-cee,reims,arc en ciel inspection,grand est,11-50,cabinet-arc-en-ciel.fr
france,2007,XQG8PbL3Di6S74Xs8bclnQGV6ZmH,information technology and services,linkedin.com/company/ity-consulting,écully,ity consulting,auvergne-rhône-alpes,1-10,ity-consulting.com
france,,WtOTyN7nhlt28ve7zKgWqAZxHSBm,information technology and services,linkedin.com/company/thim-consulting,nanterre,thim consulting,île-de-france,1-10,
france,2017,s7rKq50ldLm8ZGICOoMeyQc5XPtI,information technology and services,linkedin.com/company/taekni,lille,taekni,hauts-de-france,1-10,taekni.fr
france,,2ZGbabcTiChv8o9D9nFuawoDqaJw,information technology and services,linkedin.com/company/access-technologies-tactile,paris,access technologies tactile,île-de-france,1-10,
france,2007,V60gP5YoyTfR1uYWVsKFLgspyeVy,information technology and services,linkedin.com/company/intitek,boulogne-billancourt,intitek,île-de-france,51-200,intitek.fr
france,1992,r0Oxj2CBKjhIPEiB1BLLUAOk7kLz,information technology and services,linkedin.com/company/cap-antigone,nanterre,cap antigone,île-de-france,11-50,capantigone.fr
france,2022,SJVMXoIwlzB3MPl5WB5hRgHwS8aK,information technology and services,linkedin.com/company/oceer.fr,boulogne-billancourt,oceer,île-de-france,11-50,oceer.fr
france,2018,zmnxyOBIZeqFsOfye94qSw1HdrvT,information technology and services,linkedin.com/company/cs---log,noisy-le-grand,cs - log,île-de-france,1-10,
france,2004,COOkcAfVTaoNhqsrWmmulg1B5dAN,information technology and services,linkedin.com/company/winch-consulting,montrouge,winch consulting,île-de-france,11-50,winch-consulting.com
france,,MgCHlc9Ep5tf1jftbVwnQgBdtY1C,information technology and services,linkedin.com/company/newdata-consulting,choisy-le-roi,newdata consulting,île-de-france,1-10,
france,2015,N8PfwxMEGE2BLNl3NBXKNgytJ0eR,information technology and services,linkedin.com/company/hackathon-centrale-lyon,écully,mobil'innov - hackathon centrale lyon,auvergne-rhône-alpes,11-50,hackathon-centrale-lyon.fr
france,,P8MV47YSQC1XpPldhDpmqgRJ1DG9,information technology and services,linkedin.com/company/jordan-daniel,vieux-ferrette,jordan daniel,grand est,1-10,
france,,YIWfQMUvGh6pyaeInCCRkQ3I7I4V,information technology and services,linkedin.com/company/actifs-partners-social,marseille-en-beauvaisis,actifs partners social,hauts-de-france,1-10,
france,,AKCSy3f4m8oxFdPliRYXtQFL3g5x,information technology and services,linkedin.com/company/mobas-info,,mobas-info,île-de-france,1-10,
france,,1iuw3jTTyjKa9ht0HXW8YA3fooRr,information technology and services,linkedin.com/company/icautrans,,icautrans,,1-10,icautrans.fr
france,2022,k6XgYAEUV5WZZegHnkHiFgKBmJFP,information technology and services,linkedin.com/company/digital-comm-company,melun,digital comm,île-de-france,1-10,digital-comm.fr
france,2016,ZZoHK1XSQyHLagCm1ArBCwquCXFs,information technology and services,linkedin.com/company/pixis.co,paris,pixis.co,île-de-france,1-10,pixis.co
france,2003,MnmDn6ab5OH51B14brJvcQym5iWB,information technology and services,linkedin.com/company/kyron-solutions-informatiques,toulouse,kyron solutions informatiques,occitanie,11-50,kyron.fr
france,,myr5yWsCUO4B8gdo0pTBjwhFgCHV,information technology and services,linkedin.com/company/informacorse,bastia,informacorse,corse,1-10,informacorse.com
france,,HEDFM2K2pSUxLlbIPlWZ5QGm4IW8,information technology and services,linkedin.com/company/ubinity-sas,trappes,ubinity sas,île-de-france,1-10,
france,2020,CBuXYrTmmJ6pqSYMgHtxGwO0TINT,information technology and services,linkedin.com/company/planet-impact,paris,planet impact advisory,île-de-france,1-10,planetimpact.cloud
france,2022,rssfm5YC0HOBZDftk07LeAeb9riE,information technology and services,linkedin.com/company/digital-and-cloud,paris,digital & cloud,île-de-france,1-10,
france,,5E8HxAxpk5L5P54D5IQBJgActEJ2,information technology and services,linkedin.com/company/sweet-it,moissy-cramayel,sweet it,île-de-france,1-10,
france,2022,B5t8T88t3vjQRNBfbcfF6ABsKU9y,information technology and services,linkedin.com/company/platform-smartrack,bons-en-chablais,smartrack,auvergne-rhône-alpes,1-10,smartrack.fr
france,2017,vZcwlfg6yciC593Ub2fEKAICziES,information technology and services,linkedin.com/company/wkdo,,wkdo,île-de-france,1-10,wkdo.fr
france,1997,pEUuemjVnImabFiH4NXpsQpjs5m4,information technology and services,linkedin.com/company/yneia,paris,yneia,île-de-france,51-200,documentstore.fr
france,,hb33rsgYyW41hoq5rhmO5gQg2GFc,information technology and services,linkedin.com/company/arts-n-com,roubaix,arts n com,hauts-de-france,1-10,
france,,uR7mAYIGmuEqcvOynGgHCwiMrnUA,information technology and services,linkedin.com/company/austrine,paris,austrine,île-de-france,1-10,
france,2013,KYZERvmjPveZ4uBvT8EFhQZVazYi,information technology and services,linkedin.com/company/gimme-social-web,bagneux,gimme social web,île-de-france,1-10,gimmesocialweb.fr
france,2005,n2RPGFksFP1whw3cqpSN2g9ZjHYI,information technology and services,linkedin.com/company/sas-gcsps,albi,sas gcsps,occitanie,1-10,
france,,OdoPVpCCvaEGujMNfDl7jQc3woHg,information technology and services,linkedin.com/company/societe-de-geolocalisation-pour-une-route-sure-et-responsable,paris,societe de geolocalisation pour une route sure et responsable,île-de-france,1-10,
france,2023,ImDOfwwJNRxQbBIVafzQWAxxXkcq,information technology and services,linkedin.com/company/webetter-solutions,paris,webetter solutions,île-de-france,1-10,webettersolutions.fr
france,1999,pBITNznUC6nGlATvctcnSQx30hx5,information technology and services,linkedin.com/company/axians,paris la défense,axians,île-de-france,10001+,axians.com
france,,zVBtWT1XaX4nCSMA3csA3wcaYksi,information technology and services,linkedin.com/company/lefranc-julien,paris,lefranc julien,île-de-france,1-10,
france,2023,bWDAFKK39U5DEhrXOgKyGgRPoDyT,information technology and services,linkedin.com/company/hoorya,paris,hoorya,île-de-france,1-10,iamworkable.com
france,1998,LtU9XDJ3ReNM3yadoUlaGgKp1T5H,information technology and services,linkedin.com/company/doubletrade,issy-les-moulineaux,doubletrade,île-de-france,51-200,doubletrade.com
france,2012,XRmE6ELYRqGeOZuOViRyrwe5fsc2,information technology and services,linkedin.com/company/marmelab,nancy,marmelab,grand est,11-50,marmelab.com
france,2015,X8vImGIU2t4n4Cd7Wv7zlgoKOjbv,information technology and services,linkedin.com/company/pcsecurenetwork,paris,pcsecure,île-de-france,1-10,pc-secure.net
france,,ie4G1xpvlSiynTlTg4TmAQBC71Na,information technology and services,linkedin.com/company/hmf-conseil,maurepas,hmf conseil,île-de-france,1-10,
france,2021,pvROAwhztkBCiLj5FuXCbQJOrk6M,information technology and services,linkedin.com/company/nebul-ia,épernon,nebul'ia,centre-val de loire,1-10,
france,2023,NByuwIcMTrTJq3NJcoRrHgKj4tKc,information technology and services,linkedin.com/company/assistio-fr,montlouis-sur-loire,assistio.fr,centre-val de loire,1-10,assistio.fr
france,,5kfVW9w6WepuJCNcgkyCBwhJbgMW,information technology and services,linkedin.com/company/aas-audits-analyses-solutions,paris,aas audits analyses solutions,île-de-france,1-10,
france,2019,TDmFRknNlITGelJw2M921AD64Pda,information technology and services,linkedin.com/company/novasi,nantes,novasi,pays de la loire,11-50,novasi.fr
france,,zyzN9fCUdGKfHLAXupy20AMiHZnm,information technology and services,linkedin.com/company/computeam-it-management,breuillet,computeam it management,île-de-france,1-10,
france,,6HtUtGAIO9WIr1coyUKY2QLFnavq,information technology and services,linkedin.com/company/cultures-digitales-et-nouveaux-médias,bordeaux,cultures digitales et nouveaux médias,nouvelle-aquitaine,201-500,
france,,7xirdlPX4w5ZFG8vBs05LACv3324,information technology and services,linkedin.com/company/tecopra,paris,tecopra,île-de-france,1-10,
france,2003,qEwkPDQdJVtGdOVWm6rCgglN4bor,information technology and services,linkedin.com/company/phone-design,troyes,phone design,grand est,11-50,phone-design.com
france,,C6KlfWCfrZrI1mvatCFcoQQ9t3GK,information technology and services,linkedin.com/company/neris-it,antibes,neris it,provence-alpes-côte d'azur,1-10,
france,,fxcIdsOzMsqxSKmG8ngoQwlmzb7s,information technology and services,linkedin.com/company/pignolo,lherm,pignolo,occitanie,1-10,
france,2018,XdenmANsU18CHxLrzDvNdwiqSkbA,information technology and services,linkedin.com/company/pxc-conseils,la tour-du-pin,pxc conseils,auvergne-rhône-alpes,1-10,pxc-conseils.com
france,,NOmpYW2h3Iuds6lps8IWsA2lJKfT,information technology and services,linkedin.com/company/igelis-consulting,igé,igelis,bourgogne-franche-comté,1-10,igelis.fr
france,2021,nH0WEFjN9psHVVERp2oOkQJgRU8C,information technology and services,linkedin.com/company/kaolys,chazelles-sur-lyon,kaolys : bureau d'études mécanique et fabrication,auvergne-rhône-alpes,1-10,bet-kaolys.com
france,2017,LuT3tjhyuOl7uMddcKQsjQJ0oYHQ,information technology and services,linkedin.com/company/fractory.io,marcq-en-baroeul,fractory,hauts-de-france,1-10,fractory.io
france,,05LC6P8Gz6ogzVU4A8A6kwBhzCmZ,information technology and services,linkedin.com/company/reunion-solutions,la réunion,reunion solutions,occitanie,1-10,
france,2016,o7vqfLu2xsbo1oUQFSshBwobgCZh,information technology and services,linkedin.com/company/creansoft,paris,legalsoft,île-de-france,11-50,creansoft.fr
france,,w9B5ZikNoJl5xwRrxN2SQQDbBjAq,information technology and services,linkedin.com/company/slpv,,slpv,,1-10,
france,2016,YP60GFnWYMDshCzl1vH9pQaNIMFI,information technology and services,linkedin.com/company/fng-consulting,paris,fng consulting,île-de-france,1-10,
france,,V8vd4lUhHPEzvF4Z0bH8BwNx6pwU,information technology and services,linkedin.com/company/limitless-it,paris,limitless-it,île-de-france,1-10,
france,2016,I9Any57r0Nu4ChDCjuKeZA0heEos,information technology and services,linkedin.com/company/digital-summ'r,lyon,digital summr,auvergne-rhone-alpes,11-50,digitalsummr.com
france,,4RTiyd6AWclS3VaWMjlkGQYvRMCq,information technology and services,linkedin.com/company/comptapic,toulon,comptapic,provence-alpes-côte d'azur,1-10,comptapic.com
france,,13T6CaQTDBn38Rmhw6OuvgD359GG,information technology and services,linkedin.com/company/la-maison-du-chauffage51,cormontreuil,la maison du chauffage,grand est,11-50,
france,2012,iuivfWCJ3WDevehukC2n2guHaxKH,information technology and services,linkedin.com/company/marionchapeaucommunication,lyon,marion chapeau - conseil en communication & relations presse,auvergne-rhone-alpes,1-10,marionchapeau.com
france,,k9HG5YmgwDC4gAa3Ixj0QA8pWQLL,information technology and services,linkedin.com/company/consort-france,neuilly-sur-seine,consort france,île-de-france,11-50,
france,2020,kdN44xB72ARZvc0DaqKnuAiTgmGA,information technology and services,linkedin.com/company/kubic-groupe-piment,paris,kubic - groupe piment,île-de-france,11-50,
france,,glnsUA5BvYpTXpxmHL6BUAC7dE77,information technology and services,linkedin.com/company/azurin-consulting,paris,azurin consulting,île-de-france,1-10,azurinconsulting.wixsite.com/home
france,,JBYeT98ZTOXsZSeTnpKx6gMtPzuS,information technology and services,linkedin.com/company/myesn,villepinte,myesn,île-de-france,11-50,myesn.fr
france,2022,RYnPWBVp3aDq82TuuJNpng8IYOpR,information technology and services,linkedin.com/company/cao-it,saint-germain-en-laye,cao it,île-de-france,1-10,caoit.fr
france,,CwV6rXqnG9R70J1dOlBJmQ9qTDr2,information technology and services,linkedin.com/company/panocom,paris,panocom,île-de-france,1-10,
france,1995,ASC14DzOUdqF7uCnHijOCgMedaQq,information technology and services,linkedin.com/company/microclinique,antony,microclinique,île-de-france,1-10,microclinique.fr
france,2008,AlyKRye5NITgQ9fBXNoPTAJJ8F5C,information technology and services,linkedin.com/company/ézéo,rennes,ézéo,bretagne,1-10,ezeo.fr
france,2012,4i1eGRlEZLjtw42BNvFDGQfyZO8z,information technology and services,linkedin.com/company/codem-informatique,sainte-hélène,codem-informatique,nouvelle-aquitaine,1-10,codem-informatique.com
france,,L4FIS6LdAkNBvlAMEWZ5fwzwp8eF,information technology and services,linkedin.com/company/cb-info,lille,cb info,hauts-de-france,51-200,
france,,N1dWYdEqKmC65aPj4EDerwj1IMzJ,information technology and services,linkedin.com/company/serenity-paie,tours,serenity paie,centre-val de loire,1-10,
france,2020,hvHNlvCAnRvFjhEn0erCewiwTjlD,information technology and services,linkedin.com/company/kerizconsulting,,ker-iz consulting (kic),,1-10,kerizconsulting.eu
france,,J820YRucSfjCAfmGnadkxAHQwLhs,information technology and services,linkedin.com/company/le-clos-video,saint-germain-nuelles,le clos video,auvergne-rhône-alpes,1-10,
france,1988,fZwTXAB97ER89MRtcCY5cAj9f3r0,information technology and services,linkedin.com/company/mti-france-sas,croissy-sur-seine,mti france sas,île-de-france,11-50,
france,2017,YoTAZSY1nFT99lFZFzJe9QhJgrcD,information technology and services,linkedin.com/company/genergies-dépannage-et-maintenance,rouen,genergies dépannage et maintenance,normandie,1-10,genergaz.fr
